State,City
Andaman and Nicobar Islands,Port Blair
Andaman and Nicobar Islands,Car Nicobar
Andaman and Nicobar Islands,Mayabunder
Andaman and Nicobar Islands,Diglipur
Andaman and Nicobar Islands,Havelock Island
Andaman and Nicobar Islands,Little Andaman
Andhra Pradesh,Adoni
Andhra Pradesh,Amalapuram
Andhra Pradesh,Anantapur
Andhra Pradesh,Bhimavaram
Andhra Pradesh,Chilakaluripet
Andhra Pradesh,Chittoor
Andhra Pradesh,Dharmavaram
Andhra Pradesh,Eluru
Andhra Pradesh,Guntakal
Andhra Pradesh,Guntur
Andhra Pradesh,Hindupur
Andhra Pradesh,Kadapa
Andhra Pradesh,Kakinada
Andhra Pradesh,Kurnool
Andhra Pradesh,Machilipatnam
Andhra Pradesh,Madanapalle
Andhra Pradesh,Nagari
Andhra Pradesh,Nandyal
Andhra Pradesh,Narasaraopet
Andhra Pradesh,Narsapur
Andhra Pradesh,Nellore
Andhra Pradesh,Ongole
Andhra Pradesh,Proddatur
Andhra Pradesh,Rajahmundry
Andhra Pradesh,Rayachoti
Andhra Pradesh,Srikakulam
Andhra Pradesh,Tadepalligudem
Andhra Pradesh,Tadipatri
Andhra Pradesh,Tenali
Andhra Pradesh,Tirupati
Andhra Pradesh,Vijayawada
Andhra Pradesh,Visakhapatnam
Andhra Pradesh,Vizianagaram
Andhra Pradesh,Yemmiganur
Arunachal Pradesh,Itanagar
Arunachal Pradesh,Naharlagun
Arunachal Pradesh,Pasighat
Arunachal Pradesh,Bomdila
Arunachal Pradesh,Ziro
Arunachal Pradesh,Along
Arunachal Pradesh,Tawang
Arunachal Pradesh,Tezu
Arunachal Pradesh,Namsai
Arunachal Pradesh,Roing
Arunachal Pradesh,Khonsa
Arunachal Pradesh,Anini
Arunachal Pradesh,Yingkiong
Arunachal Pradesh,Daporijo
Arunachal Pradesh,Hawai
Arunachal Pradesh,Seppa
Assam,Dhubri
Assam,Dibrugarh
Assam,Guwahati
Assam,Jorhat
Assam,Nagaon
Assam,Sibsagar
Assam,Silchar
Assam,Tezpur
Assam,Tinsukia
Assam,Bongaigaon
Assam,Golaghat
Assam,Haflong
Assam,Karimganj
Assam,Kokrajhar
Bihar,Ara
Bihar,Araria
Bihar,Arrah
Bihar,Bagaha
Bihar,Begusarai
Bihar,Bettiah
Bihar,Bhagalpur
Bihar,Buxar
Bihar,Chapra
Bihar,Darbhanga
Bihar,Dehri
Bihar,Gaya
Bihar,Hajipur
Bihar,Jamalpur
Bihar,Jehanabad
Bihar,Katihar
Bihar,Kishanganj
Bihar,Madhubani
Bihar,Motihari
Bihar,Munger
Bihar,Muzaffarpur
Bihar,Patna
Bihar,Purnia
Bihar,Saharsa
Bihar,Samastipur
Bihar,Sasaram
Bihar,Sitamarhi
Bihar,Siwan
Bihar,Ara
Bihar,Araria
Bihar,Arrah
Bihar,Bagaha
Bihar,Begusarai
Bihar,Bettiah
Bihar,Bhagalpur
Bihar,Buxar
Bihar,Chapra
Bihar,Darbhanga
Bihar,Dehri
Bihar,Gaya
Bihar,Hajipur
Bihar,Jamalpur
Bihar,Jehanabad
Bihar,Katihar
Bihar,Kishanganj
Bihar,Madhubani
Bihar,Motihari
Bihar,Munger
Bihar,Muzaffarpur
Bihar,Patna
Bihar,Purnia
Bihar,Saharsa
Bihar,Samastipur
Bihar,Sasaram
Bihar,Sitamarhi
Bihar,Siwan
Chhattisgarh,Ambikapur
Chhattisgarh,Bhilai
Chhattisgarh,Bilaspur
Chhattisgarh,Dhamtari
Chhattisgarh,Durg
Chhattisgarh,Jagdalpur
Chhattisgarh,Korba
Chhattisgarh,Mahasamund
Chhattisgarh,Raigarh
Chhattisgarh,Raipur
Chhattisgarh,Rajnandgaon
Dadra and Nagar Haveli and Daman and Diu,Daman
Dadra and Nagar Haveli and Daman and Diu,Diu
Dadra and Nagar Haveli and Daman and Diu,Silvassa
Delhi,New Delhi
Delhi,Delhi
Delhi,Noida
Delhi,Gurugram
Delhi,Faridabad
Delhi,Ghaziabad
Delhi,Greater Noida
Delhi,Bahadurgarh
Goa,Madgaon
Goa,Mapusa
Goa,Mormugao
Goa,Panaji
Goa,Ponda
Goa,Vasco da Gama
Gujarat,Ahmedabad
Gujarat,Amreli
Gujarat,Anand
Gujarat,Bharuch
Gujarat,Bhavnagar
Gujarat,Bhuj
Gujarat,Dahod
Gujarat,Gandhidham
Gujarat,Gandhinagar
Gujarat,Gir
Gujarat,Godhra
Gujarat,Himatnagar
Gujarat,Jamnagar
Gujarat,Junagadh
Gujarat,Kadi
Gujarat,Khambhat
Gujarat,Mahesana
Gujarat,Morvi
Gujarat,Nadiad
Gujarat,Navsari
Gujarat,Palanpur
Gujarat,Porbandar
Gujarat,Rajkot
Gujarat,Surat
Gujarat,Surendranagar
Gujarat,Vadodara
Gujarat,Valsad
Gujarat,Veraval
Haryana,Ambala
Haryana,Bhiwani
Haryana,Faridabad
Haryana,Fatehabad
Haryana,Gurgaon
Haryana,Hisar
Haryana,Jhajjar
Haryana,Jind
Haryana,Kaithal
Haryana,Karnal
Haryana,Kurukshetra
Haryana,Mahendragarh
Haryana,Narnaul
Haryana,Palwal
Haryana,Panchkula
Haryana,Panipat
Haryana,Rewari
Haryana,Rohtak
Haryana,Sirsa
Haryana,Sonipat
Haryana,Yamunanagar
Himachal Pradesh,Bilaspur
Himachal Pradesh,Chamba
Himachal Pradesh,Dalhousie
Himachal Pradesh,Dharamshala
Himachal Pradesh,Hamirpur
Himachal Pradesh,Kangra
Himachal Pradesh,Kullu
Himachal Pradesh,Mandi
Himachal Pradesh,Nahan
Himachal Pradesh,Paonta Sahib
Himachal Pradesh,Shimla
Himachal Pradesh,Solan
Himachal Pradesh,Una
Jammu and Kashmir,Srinagar
Jammu and Kashmir,Jammu
Jammu and Kashmir,Anantnag
Jammu and Kashmir,Baramulla
Jammu and Kashmir,Doda
Jammu and Kashmir,Gandarbal
Jammu and Kashmir,Kathua
Jammu and Kashmir,Kupwara
Jammu and Kashmir,Leh
Jammu and Kashmir,Poonch
Jammu and Kashmir,Pulwama
Jammu and Kashmir,Rajouri
Jammu and Kashmir,Ramban
Jammu and Kashmir,Reasi
Jammu and Kashmir,Samba
Jammu and Kashmir,Shopian
Jharkhand,Bokaro
Jharkhand,Chaibasa
Jharkhand,Deoghar
Jharkhand,Dhanbad
Jharkhand,Dumka
Jharkhand,Giridih
Jharkhand,Hazaribagh
Jharkhand,Jamshedpur
Jharkhand,Jhumri Telaiya
Jharkhand,Ramgarh
Jharkhand,Ranchi
Jharkhand,Sahibganj
Karnataka,Bagalkot
Karnataka,Bangalore
Karnataka,Belgaum
Karnataka,Bellary
Karnataka,Bidar
Karnataka,Bijapur
Karnataka,Chamarajanagar
Karnataka,Chikmagalur
Karnataka,Chitradurga
Karnataka,Davanagere
Karnataka,Gadag
Karnataka,Gulbarga
Karnataka,Hassan
Karnataka,Haveri
Karnataka,Hubli-Dharwad
Karnataka,Karwar
Karnataka,Kolar
Karnataka,Koppal
Karnataka,Madikeri
Karnataka,Mandya
Karnataka,Mangalore
Karnataka,Mysore
Karnataka,Raichur
Karnataka,Ramanagara
Karnataka,Shimoga
Karnataka,Tumkur
Karnataka,Udupi
Karnataka,Yadgir
Kerala,Alappuzha
Kerala,Beypore
Kerala,Changanassery
Kerala,Ernakulam
Kerala,Idukki
Kerala,Kannur
Kerala,Kasaragod
Kerala,Kollam
Kerala,Kottayam
Kerala,Kozhikode
Kerala,Malappuram
Kerala,Palakkad
Kerala,Ponnani
Kerala,Thalassery
Kerala,Thiruvananthapuram
Kerala,Thrissur
Kerala,Vadakara
Lakshadweep,Kavaratti
Lakshadweep,Agatti
Lakshadweep,Andrott
Lakshadweep,Amini
Lakshadweep,Kalpeni
Madhya Pradesh,Balaghat
Madhya Pradesh,Barwani
Madhya Pradesh,Betul
Madhya Pradesh,Bhopal
Madhya Pradesh,Burhanpur
Madhya Pradesh,Chhatarpur
Madhya Pradesh,Chhindwara
Madhya Pradesh,Damoh
Madhya Pradesh,Datia
Madhya Pradesh,Dewas
Madhya Pradesh,Dhar
Madhya Pradesh,Guna
Madhya Pradesh,Gwalior
Madhya Pradesh,Harda
Madhya Pradesh,Hoshangabad
Madhya Pradesh,Indore
Madhya Pradesh,Itarsi
Madhya Pradesh,Jabalpur
Madhya Pradesh,Jhabua
Madhya Pradesh,Katni
Madhya Pradesh,Khandwa
Madhya Pradesh,Khargone
Madhya Pradesh,Mandsaur
Madhya Pradesh,Morena
Madhya Pradesh,Narsimhapur
Madhya Pradesh,Neemuch
Madhya Pradesh,Panna
Madhya Pradesh,Ratlam
Madhya Pradesh,Rewa
Madhya Pradesh,Sagar
Madhya Pradesh,Satna
Madhya Pradesh,Sehore
Madhya Pradesh,Seoni
Madhya Pradesh,Shahdol
Madhya Pradesh,Shajapur
Madhya Pradesh,Sheopur
Madhya Pradesh,Shivpuri
Madhya Pradesh,Sidhi
Madhya Pradesh,Singrauli
Madhya Pradesh,Tikamgarh
Madhya Pradesh,Ujjain
Madhya Pradesh,Vidisha
Maharashtra,Ahmednagar
Maharashtra,Akola
Maharashtra,Amravati
Maharashtra,Aurangabad
Maharashtra,Bhandara
Maharashtra,Buldana
Maharashtra,Chandrapur
Maharashtra,Dhule
Maharashtra,Gadchiroli
Maharashtra,Gondiya
Maharashtra,Hingoli
Maharashtra,Jalgaon
Maharashtra,Jalna
Maharashtra,Kolhapur
Maharashtra,Latur
Maharashtra,Mumbai
Maharashtra,Nagpur
Maharashtra,Nanded
Maharashtra,Nandurbar
Maharashtra,Nashik
Maharashtra,Osmanabad
Maharashtra,Parbhani
Maharashtra,Pune
Maharashtra,Raigad
Maharashtra,Ratnagiri
Maharashtra,Sangli
Maharashtra,Satara
Maharashtra,Sindhudurg
Maharashtra,Solapur
Maharashtra,Thane
Maharashtra,Wardha
Maharashtra,Washim
Maharashtra,Yavatmal
Manipur,Bishnupur
Manipur,Churachandpur
Manipur,Imphal
Manipur,Kakching
Manipur,Lilong
Manipur,Mayang Imphal
Manipur,Moirang
Manipur,Moreh
Manipur,Nambol
Manipur,Ningthoukhong
Manipur,Oinam
Manipur,Porompat
Manipur,Sekmai Bazar
Manipur,Senapati
Manipur,Thoubal
Manipur,Ukhrul
Meghalaya,Baghmara
Meghalaya,Jowai
Meghalaya,Nongpoh
Meghalaya,Resubelpara
Meghalaya,Shillong
Meghalaya,Tura
Meghalaya,Williamnagar
Mizoram,Aizawl
Mizoram,Champhai
Mizoram,Lunglei
Mizoram,Saiha
Mizoram,Serchhip
Nagaland,Dimapur
Nagaland,Kohima
Nagaland,Mokokchung
Nagaland,Mon
Nagaland,Tuensang
Nagaland,Wokha
Nagaland,Zunheboto
Odisha,Balangir
Odisha,Baleshwar
Odisha,Barbil
Odisha,Bargarh
Odisha,Baripada
Odisha,Bhadrak
Odisha,Bhawanipatna
Odisha,Brahmapur
Odisha,Jatani
Odisha,Jeypur
Odisha,Jharsuguda
Odisha,Kendrapara
Odisha,Kendujhar
Odisha,Malkangiri
Odisha,Nabarangapur
Odisha,Paradeep
Odisha,Puri
Odisha,Rayagada
Odisha,Rourkela
Odisha,Sambalpur
Odisha,Sunabeda
Odisha,Sundargarh
Odisha,Talcher
Punjab,Amritsar
Punjab,Barnala
Punjab,Bathinda
Punjab,Faridkot
Punjab,Fazilka
Punjab,Firozpur
Punjab,Gurdaspur
Punjab,Hoshiarpur
Punjab,Jagraon
Punjab,Jalandhar
Punjab,Kapurthala
Punjab,Khanna
Punjab,Kotkapura
Punjab,Ludhiana
Punjab,Malerkotla
Punjab,Mansa
Punjab,Moga
Punjab,Mohali
Punjab,Muktsar
Punjab,Nabha
Punjab,Pathankot
Punjab,Patiala
Punjab,Phagwara
Punjab,Rajpura
Punjab,Sangrur
Punjab,Sirhind-Fategarh
Punjab,Sunam
Punjab,Tarn Taran
Rajasthan,Abu Road
Rajasthan,Ajmer
Rajasthan,Alwar
Rajasthan,Banswara
Rajasthan,Baran
Rajasthan,Barmer
Rajasthan,Beawar
Rajasthan,Bharatpur
Rajasthan,Bhilwara
Rajasthan,Bhiwadi
Rajasthan,Bikaner
Rajasthan,Bundi
Rajasthan,Chittorgarh
Rajasthan,Churu
Rajasthan,Dausa
Rajasthan,Dholpur
Rajasthan,Dungarpur
Rajasthan,Gangapur City
Rajasthan,Hanumangarh
Rajasthan,Hindaun
Rajasthan,Jaipur
Rajasthan,Jaisalmer
Rajasthan,Jalor
Rajasthan,Jhalawar
Rajasthan,Jhunjhunu
Rajasthan,Jodhpur
Rajasthan,Kishangarh
Rajasthan,Kota
Rajasthan,Merta City
Rajasthan,Nagaur
Rajasthan,Nathdwara
Rajasthan,Neem-Ka-Thana
Rajasthan,Pali
Rajasthan,Phalodi
Rajasthan,Pratapgarh
Rajasthan,Rajsamand
Rajasthan,Sawai Madhopur
Rajasthan,Sikar
Rajasthan,Sirohi
Rajasthan,Sri Ganganagar
Rajasthan,Tonk
Rajasthan,Udaipur
Sikkim,Gangtok
Sikkim,Gyalshing
Sikkim,Mangan
Sikkim,Namchi
Sikkim,Nayabazar
Sikkim,Rangpo
Sikkim,Soreng
Tamil Nadu,Arcot
Tamil Nadu,Avadi
Tamil Nadu,Chengalpattu
Tamil Nadu,Chennai
Tamil Nadu,Coimbatore
Tamil Nadu,Cuddalore
Tamil Nadu,Dharmapuri
Tamil Nadu,Dindigul
Tamil Nadu,Erode
Tamil Nadu,Hosur
Tamil Nadu,Kanchipuram
Tamil Nadu,Karaikudi
Tamil Nadu,Karur
Tamil Nadu,Krishnagiri
Tamil Nadu,Kumbakonam
Tamil Nadu,Madurai
Tamil Nadu,Mannargudi
Tamil Nadu,Mayiladuthurai
Tamil Nadu,Nagapattinam
Tamil Nadu,Nagercoil
Tamil Nadu,Namakkal
Tamil Nadu,Ooty
Tamil Nadu,Pudukkottai
Tamil Nadu,Rajapalayam
Tamil Nadu,Ramanathapuram
Tamil Nadu,Salem
Tamil Nadu,Sivaganga
Tamil Nadu,Thanjavur
Tamil Nadu,Theni
Tamil Nadu,Thoothukudi
Tamil Nadu,Tiruchengode
Tamil Nadu,Tirunelveli
Tamil Nadu,Tirupathur
Tamil Nadu,Tirupur
Tamil Nadu,Tiruvallur
Tamil Nadu,Tiruvannamalai
Tamil Nadu,Udhagamandalam
Tamil Nadu,Vellore
Tamil Nadu,Villupuram
Tamil Nadu,Virudhunagar
Telangana,Adilabad
Telangana,Bhadrachalam
Telangana,Gadwal
Telangana,Hyderabad
Telangana,Jagtial
Telangana,Jangaon
Telangana,Karimnagar
Telangana,Khammam
Telangana,Kodad
Telangana,Kothagudem
Telangana,Mahabubnagar
Telangana,Mancherial
Telangana,Miryalaguda
Telangana,Nalgonda
Telangana,Nirmal
Telangana,Nizamabad
Telangana,Peddapalli
Telangana,Sangareddy
Telangana,Sircilla
Telangana,Suryapet
Telangana,Tandur
Telangana,Vikarabad
Telangana,Wanaparthy
Telangana,Warangal
Telangana,Yadagirigutta
Tripura,Agartala
Tripura,Ambassa
Tripura,Belonia
Tripura,Dharmanagar
Tripura,Kailasahar
Tripura,Kamalpur
Tripura,Khowai
Tripura,Ranirbazar
Tripura,Sabroom
Tripura,Santirbazar
Tripura,Sonamura
Tripura,Teliamura
Tripura,Udaipur
Uttar Pradesh,Agra
Uttar Pradesh,Aligarh
Uttar Pradesh,Allahabad
Uttar Pradesh,Amroha
Uttar Pradesh,Azamgarh
Uttar Pradesh,Badaun
Uttar Pradesh,Baghpat
Uttar Pradesh,Bahraich
Uttar Pradesh,Ballia
Uttar Pradesh,Balrampur
Uttar Pradesh,Banda
Uttar Pradesh,Barabanki
Uttar Pradesh,Bareilly
Uttar Pradesh,Basti
Uttar Pradesh,Bijnor
Uttar Pradesh,Budaun
Uttar Pradesh,Bulandshahr
Uttar Pradesh,Chandauli
Uttar Pradesh,Chitrakoot
Uttar Pradesh,Deoria
Uttar Pradesh,Etah
Uttar Pradesh,Etawah
Uttar Pradesh,Faizabad
Uttar Pradesh,Farrukhabad
Uttar Pradesh,Fatehpur
Uttar Pradesh,Firozabad
Uttar Pradesh,Ghaziabad
Uttar Pradesh,Ghazipur
Uttar Pradesh,Gonda
Uttar Pradesh,Gorakhpur
Uttar Pradesh,Hamirpur
Uttar Pradesh,Hardoi
Uttar Pradesh,Hathras
Uttar Pradesh,Jalaun
Uttar Pradesh,Jaunpur
Uttar Pradesh,Jhansi
Uttar Pradesh,Kannauj
Uttar Pradesh,Kanpur
Uttar Pradesh,Kheri
Uttar Pradesh,Kushinagar
Uttar Pradesh,Lalitpur
Uttar Pradesh,Lucknow
Uttar Pradesh,Maharajganj
Uttar Pradesh,Mahoba
Uttar Pradesh,Mainpuri
Uttar Pradesh,Mathura
Uttar Pradesh,Mau
Uttar Pradesh,Meerut
Uttar Pradesh,Mirzapur
Uttar Pradesh,Moradabad
Uttar Pradesh,Muzaffarnagar
Uttar Pradesh,Pilibhit
Uttar Pradesh,Pratapgarh
Uttar Pradesh,Rae Bareli
Uttar Pradesh,Rampur
Uttar Pradesh,Saharanpur
Uttar Pradesh,Sambhal
Uttar Pradesh,Sant Kabir Nagar
Uttar Pradesh,Shahjahanpur
Uttar Pradesh,Shamli
Uttar Pradesh,Shrawasti
Uttar Pradesh,Siddharthnagar
Uttar Pradesh,Sitapur
Uttar Pradesh,Sonbhadra
Uttar Pradesh,Sultanpur
Uttar Pradesh,Unnao
Uttar Pradesh,Varanasi
Uttarakhand,Almora
Uttarakhand,Bageshwar
Uttarakhand,Chamoli
Uttarakhand,Champawat
Uttarakhand,Dehradun
Uttarakhand,Haridwar
Uttarakhand,Nainital
Uttarakhand,Pauri
Uttarakhand,Pithoragarh
Uttarakhand,Rudraprayag
Uttarakhand,Tehri
Uttarakhand,Udham Singh Nagar
Uttarakhand,Uttarkashi
West Bengal,Alipurduar
West Bengal,Bankura
West Bengal,Barasat
West Bengal,Bardhaman
West Bengal,Basirhat
West Bengal,Bongaon
West Bengal,Burdwan
West Bengal,Chinsurah
West Bengal,Cooch Behar
West Bengal,Darjeeling
West Bengal,Diamond Harbour
West Bengal,Dum Dum
West Bengal,Durgapur
West Bengal,Haldia
West Bengal,Howrah
West Bengal,Islampur
West Bengal,Jalpaiguri
West Bengal,Kharagpur
West Bengal,Kolkata
West Bengal,Krishnanagar
West Bengal,Malda
West Bengal,Medinipur
West Bengal,Murshidabad
West Bengal,Nabadwip
West Bengal,Nadia
West Bengal,North Barrackpur
West Bengal,Purulia
West Bengal,Raiganj
West Bengal,Rampurhat
West Bengal,Ranaghat
West Bengal,Siliguri
West Bengal,South Dum Dum
West Bengal,Tarakeswar
West Bengal,Uttarpara Kotrung
